,Age,Sex,Job,Housing,Saving accounts,Checking account,Credit amount,Duration,Risk,Purpose_car,Purpose_domestic appliances,Purpose_education,Purpose_furniture/equipment,Purpose_radio/TV,Purpose_repairs,Purpose_vacation/others
0,67,1,2,1,0,0,1169,6,1,0,0,0,0,1,0,0
1,22,0,2,1,0,1,5951,48,0,0,0,0,0,1,0,0
2,49,1,1,1,0,0,2096,12,1,0,0,1,0,0,0,0
3,45,1,2,0,0,0,7882,42,1,0,0,0,1,0,0,0
4,53,1,2,0,0,0,4870,24,0,1,0,0,0,0,0,0
5,35,1,1,0,0,0,9055,36,1,0,0,1,0,0,0,0
6,53,1,2,1,2,0,2835,24,1,0,0,0,1,0,0,0
7,35,1,3,2,0,1,6948,36,1,1,0,0,0,0,0,0
8,61,1,1,1,3,0,3059,12,1,0,0,0,0,1,0,0
9,28,1,3,1,0,1,5234,30,0,1,0,0,0,0,0,0
10,25,0,2,2,0,1,1295,12,0,1,0,0,0,0,0,0
11,24,0,2,2,0,0,4308,48,0,0,0,0,0,0,0,0
12,22,0,2,1,0,1,1567,12,1,0,0,0,0,1,0,0
13,60,1,1,1,0,0,1199,24,0,1,0,0,0,0,0,0
14,28,0,2,2,0,0,1403,15,1,1,0,0,0,0,0,0
15,32,0,1,1,1,0,1282,24,0,0,0,0,0,1,0,0
16,53,1,2,1,0,0,2424,24,1,0,0,0,0,1,0,0
17,25,1,2,1,0,0,8072,30,1,0,0,0,0,0,0,0
18,44,0,3,0,0,1,12579,24,0,1,0,0,0,0,0,0
19,31,1,2,1,2,0,3430,24,1,0,0,0,0,1,0,0
20,48,1,2,1,0,0,2134,9,1,1,0,0,0,0,0,0
21,44,1,2,2,2,0,2647,6,1,0,0,0,0,1,0,0
22,48,1,1,2,0,0,2241,10,1,1,0,0,0,0,0,0
23,44,1,2,1,1,1,1804,12,1,1,0,0,0,0,0,0
24,26,1,2,1,0,0,2069,10,1,0,0,0,1,0,0,0
25,36,1,1,1,0,0,1374,6,1,0,0,0,1,0,0,0
26,39,1,1,1,0,0,426,6,1,0,0,0,0,1,0,0
27,42,0,2,2,3,2,409,12,1,0,0,0,0,1,0,0
28,34,1,2,1,0,1,2415,7,1,0,0,0,0,1,0,0
29,63,1,2,1,0,0,6836,60,0,0,0,0,0,0,0,0
30,36,1,2,1,3,1,1913,18,1,0,0,0,0,0,0,0
31,27,1,2,1,0,0,4020,24,1,0,0,0,1,0,0,0
32,30,1,2,1,1,1,5866,18,1,1,0,0,0,0,0,0
33,57,1,1,2,0,0,1264,12,1,0,0,0,0,0,0,0
34,33,0,3,1,0,2,1474,12,1,0,0,0,1,0,0,0
35,25,1,1,1,0,1,4746,45,0,0,0,0,0,1,0,0
36,31,1,2,0,0,0,6110,48,1,0,0,1,0,0,0,0
37,37,1,2,1,0,2,2100,18,0,0,0,0,0,1,0,0
38,37,1,2,1,0,2,1225,10,1,0,1,0,0,0,0,0
39,24,1,2,1,0,1,458,9,1,0,0,0,0,1,0,0
40,30,1,3,1,2,0,2333,30,1,0,0,0,0,1,0,0
41,26,1,2,1,2,1,1158,12,1,0,0,0,0,1,0,0
42,44,1,1,1,0,1,6204,18,1,0,0,0,0,0,1,0
43,24,1,2,2,1,0,6187,30,1,1,0,0,0,0,0,0
44,58,0,1,0,0,0,6143,48,0,1,0,0,0,0,0,0
45,35,0,3,1,0,0,1393,11,1,1,0,0,0,0,0,0
46,39,1,2,1,2,0,2299,36,1,0,0,0,0,1,0,0
47,23,0,0,2,2,0,1352,6,1,1,0,0,0,0,0,0
48,39,1,1,1,0,0,7228,11,1,1,0,0,0,0,0,0
49,28,0,2,1,1,0,2073,12,1,0,0,0,0,1,0,0
50,29,1,1,1,0,1,2333,24,1,0,0,0,1,0,0,0
51,30,1,3,1,0,1,5965,27,1,1,0,0,0,0,0,0
52,25,1,2,1,0,0,1262,12,1,0,0,0,0,1,0,0
53,31,1,2,1,0,0,3378,18,1,1,0,0,0,0,0,0
54,57,1,2,0,0,1,2225,36,0,1,0,0,0,0,0,0
55,26,1,1,1,0,0,783,6,1,1,0,0,0,0,0,0
56,52,1,3,1,0,1,6468,12,0,0,0,0,0,1,0,0
57,31,0,2,1,0,0,9566,36,1,0,0,0,0,1,0,0
58,23,0,3,1,0,2,1961,18,1,1,0,0,0,0,0,0
59,23,0,1,2,0,0,6229,36,0,0,0,0,1,0,0,0
60,27,1,2,1,0,1,1391,9,1,0,0,0,0,0,0,0
61,50,1,2,1,0,1,1537,15,1,0,0,0,0,1,0,0
62,61,1,3,0,0,1,1953,36,0,0,0,0,0,0,0,0
63,25,1,2,1,0,1,14421,48,0,0,0,0,0,0,0,0
64,26,0,2,1,0,0,3181,24,1,0,0,0,0,1,0,0
65,48,1,2,1,0,0,5190,27,1,0,0,0,0,0,1,0
66,29,0,2,1,0,0,2171,12,1,0,0,0,0,1,0,0
67,22,1,2,1,3,1,1007,12,1,1,0,0,0,0,0,0
68,37,1,2,0,0,0,1819,36,0,0,0,1,0,0,0,0
69,25,0,2,1,0,0,2394,36,1,0,0,0,0,1,0,0
70,30,0,2,1,0,0,8133,36,1,1,0,0,0,0,0,0
71,46,1,1,2,0,0,730,7,1,0,0,0,0,1,0,0
72,51,1,3,0,0,0,1164,8,1,0,0,0,0,0,0,1
73,41,0,1,1,0,1,5954,42,1,0,0,0,0,0,0,0
74,40,1,3,1,0,0,1977,36,0,0,0,1,0,0,0,0
75,66,1,3,0,0,0,1526,12,1,1,0,0,0,0,0,0
76,34,1,2,1,0,0,3965,42,0,0,0,0,0,1,0,0
77,51,1,2,1,0,1,4771,11,1,0,0,0,0,1,0,0
78,39,1,1,1,0,0,9436,54,1,1,0,0,0,0,0,0
79,22,1,2,1,0,1,3832,30,1,0,0,0,1,0,0,0
80,44,0,2,1,0,0,5943,24,0,0,0,0,0,1,0,0
81,47,1,2,1,2,0,1213,15,1,0,0,0,0,1,0,0
82,24,0,1,2,1,0,1568,18,1,0,0,0,0,0,0,0
83,58,0,1,1,0,0,1755,24,1,0,0,0,0,0,0,1
84,52,1,1,1,0,0,2315,10,1,0,0,0,0,1,0,0
85,29,0,3,1,0,0,1412,12,1,0,0,0,0,0,0,0
86,27,0,2,1,0,1,1295,18,1,0,0,0,1,0,0,0
87,47,1,2,0,1,1,12612,36,0,0,0,1,0,0,0,0
88,30,1,3,1,1,0,2249,18,1,1,0,0,0,0,0,0
89,28,1,2,1,0,0,1108,12,0,0,0,0,0,0,1,0
90,56,1,2,1,0,0,618,12,1,0,0,0,0,1,0,0
91,54,1,2,1,0,0,1409,12,1,1,0,0,0,0,0,0
92,33,0,1,1,0,0,797,12,0,0,0,0,0,1,0,0
93,20,1,2,2,0,2,3617,24,1,0,0,0,1,0,0,0
94,54,1,2,1,3,1,1318,12,1,1,0,0,0,0,0,0
95,58,1,2,2,0,1,15945,54,0,0,0,0,0,0,0,0
96,61,0,2,1,0,0,2012,12,1,0,0,1,0,0,0,0
97,34,1,2,1,1,1,2622,18,1,0,0,0,0,0,0,0
98,36,1,2,1,0,1,2337,36,1,0,0,0,0,1,0,0
99,36,1,3,2,0,1,7057,20,1,1,0,0,0,0,0,0
100,41,1,1,2,1,0,1469,24,1,1,0,0,0,0,0,0
101,24,1,2,2,0,1,2323,36,1,0,0,0,0,1,0,0
102,24,0,2,1,0,0,932,6,1,0,0,0,0,1,0,0
103,35,1,2,2,0,1,1919,9,1,0,0,0,1,0,0,0
104,26,1,2,2,0,0,2445,12,1,1,0,0,0,0,0,0
105,39,1,3,1,0,1,11938,24,0,0,0,0,0,0,0,1
106,39,1,3,1,0,0,6458,18,0,1,0,0,0,0,0,0
107,32,1,2,1,0,1,6078,12,1,1,0,0,0,0,0,0
108,30,0,2,1,0,0,7721,24,1,0,0,0,1,0,0,0
109,35,1,2,1,2,1,1410,14,1,0,0,0,0,0,0,0
110,31,1,2,1,1,1,1449,6,1,0,0,0,0,0,0,0
111,23,0,2,2,0,2,392,15,1,0,0,1,0,0,0,0
112,28,1,1,2,0,1,6260,18,1,1,0,0,0,0,0,0
113,25,0,2,1,0,0,7855,36,0,1,0,0,0,0,0,0
114,35,1,2,1,2,0,1680,12,1,0,0,0,0,1,0,0
115,47,1,2,1,0,0,3578,48,1,0,0,0,0,1,0,0
116,30,0,3,1,0,0,7174,42,0,0,0,0,0,1,0,0
117,27,0,2,2,0,0,2132,10,1,0,0,0,1,0,0,0
118,23,0,2,1,2,0,4281,33,0,0,0,0,1,0,0,0
119,36,1,3,1,2,1,2366,12,1,1,0,0,0,0,0,0
120,25,0,2,1,0,0,1835,21,0,0,0,0,0,1,0,0
121,41,0,3,2,0,0,3868,24,1,1,0,0,0,0,0,0
122,24,1,1,2,0,0,1768,12,1,0,0,0,1,0,0,0
123,63,1,2,0,0,2,781,10,1,1,0,0,0,0,0,0
124,27,0,2,2,0,1,1924,18,0,0,0,0,1,0,0,0
125,30,1,2,1,0,0,2121,12,1,1,0,0,0,0,0,0
126,40,1,1,1,0,0,701,12,1,0,0,0,0,1,0,0
127,30,1,2,1,0,1,639,12,0,0,0,0,0,0,1,0
128,34,1,3,1,0,1,1860,12,1,1,0,0,0,0,0,0
129,29,0,2,1,0,0,3499,12,0,1,0,0,0,0,0,0
130,24,0,2,1,0,1,8487,48,1,1,0,0,0,0,0,0
131,29,1,2,1,0,0,6887,36,0,0,0,1,0,0,0,0
132,27,1,1,1,0,0,2708,15,1,0,0,0,1,0,0,0
133,47,1,2,0,0,0,1984,18,1,0,0,0,1,0,0,0
134,21,0,2,1,1,0,10144,60,1,0,0,0,0,1,0,0
135,38,0,2,1,0,0,1240,12,1,0,0,0,0,1,0,0
136,27,1,2,1,3,0,8613,27,1,1,0,0,0,0,0,0
137,66,1,1,1,2,1,766,12,0,0,0,0,0,1,0,0
138,35,1,2,1,0,1,2728,15,1,0,0,0,0,1,0,0
139,44,0,1,2,0,2,1881,12,1,0,0,0,0,1,0,0
140,27,1,0,1,3,2,709,6,1,1,0,0,0,0,0,0
141,30,0,3,1,0,1,4795,36,1,0,0,0,0,1,0,0
142,27,1,3,1,0,0,3416,27,1,0,0,0,0,1,0,0
143,22,1,2,1,0,0,2462,18,0,0,0,0,1,0,0,0
144,23,0,2,1,0,0,2288,21,1,0,0,0,1,0,0,0
145,30,1,2,1,1,1,3566,48,1,0,0,0,0,0,0,0
146,39,0,2,1,0,0,860,6,1,1,0,0,0,0,0,0
147,51,0,2,1,1,0,682,12,1,1,0,0,0,0,0,0
148,28,1,2,1,0,0,5371,36,1,0,0,0,1,0,0,0
149,46,1,2,1,3,0,1582,18,1,0,0,0,0,1,0,0
150,42,1,2,0,1,0,1346,6,1,0,0,0,0,1,0,0
151,38,1,2,1,0,0,1924,10,1,0,0,0,0,1,0,0
152,24,1,2,1,0,2,5848,36,1,0,0,0,0,1,0,0
153,29,0,2,2,3,1,7758,24,1,1,0,0,0,0,0,0
154,36,1,3,2,1,1,6967,24,1,0,0,0,0,0,0,0
155,20,0,2,2,0,0,1282,12,0,0,0,0,1,0,0,0
156,48,1,2,1,1,0,1288,9,1,0,0,0,0,0,1,0
157,45,1,1,1,0,0,339,12,1,0,0,1,0,0,0,0
158,38,1,2,1,1,1,3512,24,1,1,0,0,0,0,0,0
159,34,1,1,1,0,0,1898,6,1,0,0,0,0,1,0,0
160,36,1,2,1,1,0,2872,24,1,0,0,0,0,1,0,0
161,30,0,2,1,0,0,1055,18,1,1,0,0,0,0,0,0
162,36,1,2,1,2,0,1262,15,1,0,1,0,0,0,0,0
163,70,1,3,0,0,1,7308,10,1,1,0,0,0,0,0,0
164,36,1,2,1,2,0,909,36,1,1,0,0,0,0,0,0
165,32,1,2,1,2,0,2978,6,1,0,0,0,1,0,0,0
166,33,0,2,1,0,0,1131,18,0,0,0,0,1,0,0,0
167,20,0,2,1,3,1,1577,11,1,0,0,0,1,0,0,0
168,25,0,2,2,0,0,3972,24,1,0,0,0,1,0,0,0
169,31,1,2,1,0,1,1935,24,0,0,0,0,0,0,0,0
170,33,1,2,2,0,0,950,15,0,1,0,0,0,0,0,0
171,26,0,2,1,0,0,763,12,1,0,0,0,1,0,0,0
172,34,0,3,1,0,1,2064,24,0,0,0,0,1,0,0,0
173,33,1,2,1,0,1,1414,8,1,0,0,0,0,1,0,0
174,26,1,2,1,0,0,3414,21,0,0,0,1,0,0,0,0
175,53,0,3,1,0,0,7485,30,0,1,0,0,0,0,0,0
176,42,1,2,1,0,0,2577,12,1,0,0,0,1,0,0,0
177,52,1,2,1,2,0,338,6,1,0,0,0,0,1,0,0
178,31,1,3,2,0,0,1963,12,1,0,0,0,0,1,0,0
179,65,1,2,1,0,0,571,21,1,1,0,0,0,0,0,0
180,28,1,2,1,0,0,9572,36,0,0,0,0,0,0,0,0
181,30,1,3,1,0,1,4455,36,0,0,0,0,0,0,0,0
182,40,1,1,1,0,0,1647,21,0,1,0,0,0,0,0,0
183,50,1,2,1,3,0,3777,24,1,0,0,0,1,0,0,0
184,36,1,2,1,0,1,884,18,0,1,0,0,0,0,0,0
185,31,1,2,1,0,0,1360,15,1,0,0,0,0,1,0,0
186,74,0,3,0,0,1,5129,9,0,1,0,0,0,0,0,0
187,68,1,0,0,0,1,1175,16,1,1,0,0,0,0,0,0
188,20,1,2,1,1,0,674,12,0,0,0,0,0,1,0,0
189,33,0,2,1,0,1,3244,18,1,0,0,0,1,0,0,0
190,54,1,3,1,3,0,4591,24,0,0,0,0,0,0,0,0
191,34,1,1,0,1,1,3844,48,0,0,0,0,0,0,0,0
192,36,1,2,1,0,1,3915,27,0,0,0,0,0,0,0,0
193,29,1,2,2,0,0,2108,6,1,0,0,0,0,1,0,0
194,21,1,2,2,1,1,3031,45,0,0,0,0,0,1,0,0
195,34,0,3,1,0,1,1501,9,0,0,0,1,0,0,0,0
196,28,0,2,1,0,0,1382,6,1,0,0,0,0,1,0,0
197,27,0,2,2,1,1,951,12,0,0,0,0,1,0,0,0
198,36,1,2,0,0,1,2760,24,1,1,0,0,0,0,0,0
199,40,1,3,1,0,1,4297,18,0,0,0,0,1,0,0,0
200,52,1,2,1,2,0,936,9,1,0,0,1,0,0,0,0
201,27,1,1,1,0,0,1168,12,1,1,0,0,0,0,0,0
202,26,1,2,1,0,0,5117,27,1,0,0,0,0,0,0,0
203,21,1,2,2,0,0,902,12,0,0,0,1,0,0,0,0
204,38,1,1,1,0,0,1495,12,1,1,0,0,0,0,0,0
205,38,1,3,0,0,0,10623,30,1,1,0,0,0,0,0,0
206,43,1,2,1,0,0,1935,12,1,0,0,0,1,0,0,0
207,26,1,2,1,0,1,1424,12,1,0,1,0,0,0,0,0
208,21,1,1,1,0,0,6568,24,1,0,0,0,0,0,0,0
209,55,1,2,1,3,0,1413,12,1,1,0,0,0,0,0,0
210,33,1,2,1,0,0,3074,9,1,0,0,0,0,1,0,0
211,45,0,1,1,0,0,3835,36,1,0,0,0,0,1,0,0
212,50,1,2,1,0,0,5293,27,0,0,0,0,0,0,0,0
213,66,1,3,1,0,2,1908,30,0,0,0,0,0,0,0,0
214,51,1,2,1,0,0,3342,36,1,0,0,0,0,1,0,0
215,39,0,1,1,0,1,932,6,1,0,0,1,0,0,0,0
216,31,1,2,1,0,0,3104,18,1,0,0,0,0,0,0,0
217,23,1,2,1,0,2,3913,36,1,0,0,0,0,1,0,0
218,24,1,1,2,0,0,3021,24,1,0,0,0,1,0,0,0
219,64,0,2,1,0,0,1364,10,1,1,0,0,0,0,0,0
220,26,1,1,1,0,1,625,12,1,0,0,0,0,1,0,0
221,23,0,2,2,0,0,1200,12,1,0,0,1,0,0,0,0
222,30,1,2,1,0,0,707,12,1,0,0,0,0,1,0,0
223,32,1,2,1,0,0,2978,24,1,0,0,0,0,0,0,0
224,30,1,2,1,0,0,4657,15,1,1,0,0,0,0,0,0
225,27,1,2,1,0,0,2613,36,1,0,0,0,0,0,1,0
226,27,1,2,1,3,1,10961,48,0,0,0,0,0,1,0,0
227,53,1,3,0,0,0,7865,12,0,0,0,0,1,0,0,0
228,22,1,2,1,0,0,1478,9,0,0,0,0,0,1,0,0
229,22,1,2,0,0,0,3149,24,1,0,0,0,1,0,0,0
230,26,1,2,1,0,2,4210,36,0,0,0,0,0,1,0,0
231,51,1,1,0,2,0,2507,9,1,1,0,0,0,0,0,0
232,35,1,2,1,1,0,2141,12,1,0,0,0,0,1,0,0
233,25,1,1,1,0,1,866,18,1,0,0,0,0,1,0,0
234,42,1,1,1,0,0,1544,4,1,0,0,0,0,1,0,0
235,30,1,3,1,0,0,1823,24,0,0,0,0,0,1,0,0
236,23,1,0,1,0,1,14555,6,0,1,0,0,0,0,0,0
237,61,1,1,2,1,1,2767,21,0,0,0,0,0,0,0,0
238,35,0,2,1,0,0,1291,12,1,0,0,0,0,1,0,0
239,39,1,2,1,0,0,2522,30,1,0,0,0,0,1,0,0
240,29,0,2,1,0,0,915,24,0,1,0,0,0,0,0,0
241,51,1,2,1,0,0,1595,6,1,0,0,0,0,1,0,0
242,24,1,2,0,0,0,4605,48,0,1,0,0,0,0,0,0
243,27,0,2,1,0,0,1185,12,1,0,0,0,0,0,0,0
244,35,0,1,1,2,0,3447,12,1,0,0,1,0,0,0,0
245,25,1,2,1,0,0,1258,24,1,0,0,0,0,0,0,0
246,52,1,2,1,0,0,717,12,1,0,0,0,0,1,0,0
247,35,1,2,2,1,0,1204,6,1,1,0,0,0,0,0,0
248,26,1,2,1,0,2,1925,24,1,0,0,0,1,0,0,0
249,22,0,2,2,0,0,433,18,0,0,0,0,0,1,0,0
250,39,0,1,1,3,0,666,6,1,1,0,0,0,0,0,0
251,46,0,1,1,0,2,2251,12,1,0,0,0,1,0,0,0
252,24,0,2,1,0,1,2150,30,0,1,0,0,0,0,0,0
253,35,1,2,1,1,0,4151,24,1,0,0,0,1,0,0,0
254,24,1,2,1,0,1,2030,9,1,0,0,0,1,0,0,0
255,27,1,1,1,0,1,7418,60,1,0,0,0,0,1,0,0
256,35,1,1,1,0,0,2684,24,1,0,0,0,0,1,0,0
257,29,1,2,0,0,0,2149,12,0,0,0,0,0,1,0,0
258,23,0,2,1,1,0,3812,15,1,1,0,0,0,0,0,0
259,57,0,1,1,1,0,1154,11,1,0,0,0,0,1,0,0
260,27,1,2,1,0,0,1657,12,1,0,0,0,1,0,0,0
261,55,0,2,1,0,0,1603,24,1,0,0,0,0,1,0,0
262,36,1,3,0,0,0,5302,18,1,1,0,0,0,0,0,0
263,57,0,1,0,0,0,2748,12,1,0,0,1,0,0,0,0
264,32,1,1,1,0,0,1231,10,1,1,0,0,0,0,0,0
265,37,1,2,1,0,1,802,15,0,0,0,0,0,1,0,0
266,36,1,2,1,0,0,6304,36,1,0,0,0,0,0,0,0
267,38,0,2,1,0,0,1533,24,1,0,0,0,0,1,0,0
268,45,1,3,1,0,0,8978,14,0,1,0,0,0,0,0,0
269,25,1,2,1,0,0,999,24,1,0,0,0,0,1,0,0
270,32,1,2,1,0,0,2662,18,1,1,0,0,0,0,0,0
271,37,0,2,2,2,0,1402,12,1,0,0,0,1,0,0,0
272,36,1,3,0,0,1,12169,48,1,1,0,0,0,0,0,0
273,28,1,2,1,0,1,3060,48,0,0,0,0,0,1,0,0
274,34,1,1,1,0,0,11998,30,0,0,0,0,0,0,1,0
275,32,1,2,1,0,0,2697,9,1,0,0,0,0,1,0,0
276,26,0,2,1,0,0,2404,18,1,0,0,0,0,1,0,0
277,49,1,1,1,0,0,1262,12,1,0,0,0,1,0,0,0
278,32,0,2,1,0,0,4611,6,0,0,0,0,1,0,0,0
279,29,1,3,2,1,0,1901,24,1,0,0,0,0,1,0,0
280,23,1,2,2,3,0,3368,15,1,1,0,0,0,0,0,0
281,50,1,2,1,0,0,1574,12,1,0,0,0,1,0,0,0
282,49,1,1,1,0,2,1445,18,1,0,0,0,0,1,0,0
283,63,1,2,1,0,0,1520,15,1,0,0,0,1,0,0,0
284,37,1,2,1,1,1,3878,24,1,1,0,0,0,0,0,0
285,35,0,1,1,0,0,10722,47,1,1,0,0,0,0,0,0
286,26,1,2,1,0,0,4788,48,1,1,0,0,0,0,0,0
287,31,1,3,0,1,1,7582,48,1,0,0,0,0,0,0,1
288,49,0,2,1,0,1,1092,12,1,0,0,0,0,1,0,0
289,48,1,2,1,0,0,1024,24,0,0,0,0,0,1,0,0
290,26,1,2,1,0,0,1076,12,1,0,0,0,0,0,0,0
291,28,1,3,2,0,1,9398,36,0,1,0,0,0,0,0,0
292,44,0,3,0,0,0,6419,24,1,1,0,0,0,0,0,0
293,56,1,2,0,0,2,4796,42,1,1,0,0,0,0,0,0
294,46,1,3,1,0,0,7629,48,1,0,0,0,0,0,0,0
295,26,0,2,1,0,1,9960,48,0,0,0,0,1,0,0,0
296,20,0,2,2,0,0,4675,12,1,1,0,0,0,0,0,0
297,45,1,1,1,0,0,1287,10,1,1,0,0,0,0,0,0
298,43,1,2,1,0,0,2515,18,1,0,0,0,1,0,0,0
299,32,1,2,1,3,1,2745,21,1,0,0,0,1,0,0,0
300,54,0,0,1,0,0,672,6,1,1,0,0,0,0,0,0
301,42,0,2,1,0,1,3804,36,0,0,0,0,0,1,0,0
302,37,1,1,1,0,2,1344,24,0,1,0,0,0,0,0,0
303,49,1,2,1,0,0,1038,10,1,1,0,0,0,0,0,0
304,44,1,2,0,2,0,10127,48,0,1,0,0,0,0,0,0
305,33,1,2,1,3,0,1543,6,1,0,0,0,1,0,0,0
306,24,0,1,2,0,0,4811,30,1,1,0,0,0,0,0,0
307,33,1,1,1,1,0,727,12,0,0,0,0,0,1,0,0
308,24,0,2,1,0,1,1237,8,0,0,0,0,1,0,0,0
309,22,1,1,2,0,1,276,9,1,1,0,0,0,0,0,0
310,40,1,0,0,0,1,5381,48,1,0,0,0,0,0,0,1
311,25,1,2,1,1,0,5511,24,1,0,0,0,1,0,0,0
312,26,0,2,1,0,2,3749,24,1,0,0,0,1,0,0,0
313,25,1,1,1,0,1,685,12,0,1,0,0,0,0,0,0
314,29,1,1,1,0,2,1494,4,1,1,0,0,0,0,0,0
315,31,1,2,1,0,0,2746,36,0,0,0,0,1,0,0,0
316,38,1,1,1,0,0,708,12,1,0,0,0,1,0,0,0
317,48,0,1,1,0,1,4351,24,1,0,0,0,1,0,0,0
318,32,1,2,1,0,0,701,12,1,0,0,1,0,0,0,0
319,27,0,1,1,0,0,3643,15,1,0,0,0,1,0,0,0
320,28,1,3,1,0,1,4249,30,0,1,0,0,0,0,0,0
321,32,1,2,1,0,0,1938,24,0,0,0,0,0,1,0,0
322,34,1,3,0,0,0,2910,24,1,1,0,0,0,0,0,0
323,28,1,2,1,3,0,2659,18,1,0,0,0,1,0,0,0
324,36,0,2,1,0,0,1028,18,1,1,0,0,0,0,0,0
325,39,1,1,1,0,0,3398,8,1,1,0,0,0,0,0,0
326,49,1,2,2,0,0,5801,12,1,0,0,0,1,0,0,0
327,34,0,2,1,3,0,1525,24,1,1,0,0,0,0,0,0
328,31,1,2,1,0,2,4473,36,1,0,0,0,0,1,0,0
329,28,1,2,1,0,1,1068,6,1,0,0,0,0,1,0,0
330,75,1,3,0,0,0,6615,24,1,1,0,0,0,0,0,0
331,30,0,2,1,1,0,1864,18,0,0,0,1,0,0,0,0
332,24,0,3,1,1,1,7408,60,0,1,0,0,0,0,0,0
333,24,0,1,2,1,0,11590,48,0,1,0,0,0,0,0,0
334,23,1,2,2,0,0,4110,24,0,0,0,0,1,0,0,0
335,44,1,3,2,0,0,3384,6,0,0,0,0,1,0,0,0
336,23,0,1,1,0,1,2101,13,1,0,0,0,0,1,0,0
337,24,0,2,2,0,0,1275,15,0,0,1,0,0,0,0,0
338,28,1,2,1,0,0,4169,24,1,0,0,0,1,0,0,0
339,31,1,1,1,0,1,1521,10,1,0,0,0,1,0,0,0
340,24,0,2,0,0,1,5743,24,1,0,0,1,0,0,0,0
341,26,0,1,2,0,0,3599,21,1,0,0,0,1,0,0,0
342,25,1,2,2,2,1,3213,18,1,0,0,0,0,1,0,0
343,33,1,3,1,0,1,4439,18,1,0,0,0,0,0,0,0
344,37,1,1,1,0,2,3949,10,1,1,0,0,0,0,0,0
345,43,0,1,1,0,0,1459,15,1,0,0,0,0,1,0,0
346,23,1,2,1,0,1,882,13,1,0,0,0,0,1,0,0
347,23,0,0,2,2,1,3758,24,1,0,0,0,0,1,0,0
348,34,1,1,1,1,0,1743,6,1,0,0,0,0,0,0,0
349,32,1,2,0,3,1,1136,9,0,0,0,1,0,0,0,0
350,23,0,2,2,0,0,1236,9,1,0,1,0,0,0,0,0
351,29,0,2,1,0,1,959,9,0,0,0,0,1,0,0,0
352,38,1,3,1,0,0,3229,18,1,1,0,0,0,0,0,0
353,28,1,2,2,0,0,6199,12,0,0,0,0,0,1,0,0
354,46,1,2,0,2,0,727,10,1,0,0,1,0,0,0,0
355,23,1,1,1,0,1,1246,24,0,1,0,0,0,0,0,0
356,49,1,2,1,0,0,2331,12,1,0,0,0,0,1,0,0
357,26,1,3,1,0,0,4463,36,0,0,0,0,0,1,0,0
358,28,1,2,1,0,0,776,12,1,0,0,0,0,1,0,0
359,23,0,2,2,0,0,2406,30,0,0,0,0,1,0,0,0
360,61,1,2,0,0,1,1239,18,1,0,0,1,0,0,0,0
361,37,1,3,1,0,2,3399,12,1,0,0,0,0,1,0,0
362,36,0,2,1,0,2,2247,12,1,1,0,0,0,0,0,0
363,21,1,2,2,0,0,1766,6,1,0,0,0,1,0,0,0
364,25,1,0,1,0,0,2473,18,0,0,0,0,1,0,0,0
365,36,1,2,1,0,0,1542,12,1,0,0,0,0,0,0,0
366,27,1,2,1,0,0,3850,18,1,1,0,0,0,0,0,0
367,22,0,2,2,0,0,3650,18,1,0,0,0,1,0,0,0
368,42,1,2,1,0,0,3446,36,0,0,0,0,1,0,0,0
369,40,0,2,2,0,1,3001,18,1,0,0,0,1,0,0,0
370,36,1,2,1,0,0,3079,36,1,1,0,0,0,0,0,0
371,33,1,2,1,0,0,6070,18,1,0,0,0,0,1,0,0
372,23,0,2,2,0,0,2146,10,1,0,0,0,1,0,0,0
373,63,1,3,0,0,0,13756,60,1,1,0,0,0,0,0,0
374,60,0,3,0,1,1,14782,60,0,0,0,0,0,0,0,1
375,37,0,2,2,0,0,7685,48,0,0,0,0,0,0,0,0
376,34,1,2,1,0,0,2320,18,1,0,0,0,0,1,0,0
377,36,1,2,0,0,0,846,7,1,0,0,0,0,1,0,0
378,57,1,3,0,0,1,14318,36,0,1,0,0,0,0,0,0
379,52,0,1,1,1,0,362,6,1,1,0,0,0,0,0,0
380,39,1,2,1,0,0,2212,20,1,0,0,0,1,0,0,0
381,38,0,3,0,0,1,12976,18,0,1,0,0,0,0,0,0
382,25,0,2,2,0,0,1283,22,1,1,0,0,0,0,0,0
383,26,1,2,1,0,2,1330,12,1,1,0,0,0,0,0,0
384,26,1,1,1,1,0,4272,30,1,0,0,0,0,0,0,0
385,25,0,2,1,0,0,2238,18,1,0,0,0,0,1,0,0
386,21,0,2,2,0,0,1126,18,1,0,0,0,0,1,0,0
387,40,1,3,1,0,1,7374,18,1,0,0,0,1,0,0,0
388,27,1,2,1,2,1,2326,15,1,0,0,0,0,0,0,0
389,27,0,2,1,0,0,1449,9,1,0,0,0,0,0,0,0
390,30,1,3,1,0,0,1820,18,1,1,0,0,0,0,0,0
391,19,0,1,2,3,1,983,12,1,0,0,0,1,0,0,0
392,39,1,3,0,0,0,3249,36,1,1,0,0,0,0,0,0
393,31,0,2,1,0,0,1957,6,1,0,0,0,0,1,0,0
394,31,1,3,1,0,0,2406,9,1,0,0,0,1,0,0,0
395,32,1,2,2,1,1,11760,39,1,0,0,1,0,0,0,0
396,55,0,3,0,0,0,2578,12,1,0,0,0,1,0,0,0
397,46,1,2,1,0,0,2348,36,1,0,0,0,1,0,0,0
398,46,1,2,2,0,1,1223,12,0,1,0,0,0,0,0,0
399,43,0,1,1,3,0,1516,24,1,0,0,0,0,1,0,0
400,39,1,2,1,0,0,1473,18,1,0,0,0,0,1,0,0
401,28,1,2,1,0,1,1887,18,1,0,0,0,0,0,0,0
402,27,1,2,1,0,0,8648,24,0,0,0,0,0,0,0,0
403,27,1,1,1,0,0,802,14,1,1,0,0,0,0,0,0
404,43,1,2,1,0,1,2899,18,1,1,0,0,0,0,0,0
405,22,1,2,1,0,1,2039,24,0,0,0,0,0,1,0,0
406,43,1,2,1,0,0,2197,24,1,1,0,0,0,0,0,0
407,27,1,2,1,0,0,1053,15,1,0,0,0,0,1,0,0
408,26,1,3,1,2,0,3235,24,1,0,0,0,0,1,0,0
409,28,1,2,1,2,2,939,12,0,1,0,0,0,0,0,0
410,20,0,2,1,0,1,1967,24,1,0,0,0,0,1,0,0
411,35,1,3,1,0,0,7253,33,1,1,0,0,0,0,0,0
412,42,1,3,1,0,0,2292,12,0,0,0,0,0,0,0,0
413,40,1,1,2,2,0,1597,10,1,1,0,0,0,0,0,0
414,35,0,2,1,0,0,1381,24,0,1,0,0,0,0,0,0
415,35,1,2,1,0,0,5842,36,1,1,0,0,0,0,0,0
416,33,1,1,1,0,0,2579,12,0,1,0,0,0,0,0,0
417,23,0,2,2,0,0,8471,18,1,0,0,1,0,0,0,0
418,31,0,3,1,2,0,2782,21,1,1,0,0,0,0,0,0
419,33,0,2,1,0,1,1042,18,0,1,0,0,0,0,0,0
420,20,0,2,2,3,0,3186,15,1,1,0,0,0,0,0,0
421,30,1,2,1,0,1,2028,12,1,1,0,0,0,0,0,0
422,47,1,1,1,0,1,958,12,1,1,0,0,0,0,0,0
423,34,1,3,1,1,0,1591,21,1,0,0,0,1,0,0,0
424,25,0,2,1,0,1,2762,12,0,0,0,0,1,0,0,0
425,21,1,2,2,0,1,2779,18,1,1,0,0,0,0,0,0
426,29,1,2,1,0,0,2743,28,1,0,0,0,0,1,0,0
427,46,1,2,1,3,0,1149,18,1,0,0,0,0,1,0,0
428,20,1,2,1,0,0,1313,9,1,0,0,0,1,0,0,0
429,55,0,0,0,0,0,1190,18,0,0,0,0,0,0,1,0
430,74,1,1,1,0,0,3448,5,1,0,0,0,0,0,0,0
431,29,1,3,1,0,1,11328,24,0,0,0,0,0,0,0,1
432,36,1,3,0,0,0,1872,6,1,0,0,0,1,0,0,0
433,33,1,2,1,0,0,2058,24,1,0,0,0,0,0,1,0
434,25,1,2,1,0,0,2136,9,1,0,0,0,1,0,0,0
435,25,1,2,1,0,1,1484,12,0,0,0,0,0,1,0,0
436,23,1,1,2,2,0,660,6,1,0,0,0,0,0,1,0
437,37,0,2,1,3,0,1287,24,1,1,0,0,0,0,0,0
438,65,1,0,1,0,0,3394,42,1,0,0,0,0,0,1,0
439,26,0,0,1,0,2,609,12,0,0,0,0,0,0,0,0
440,39,1,3,1,0,0,1884,12,1,1,0,0,0,0,0,0
441,30,0,2,1,0,0,1620,12,1,0,0,0,1,0,0,0
442,29,1,2,1,0,1,2629,20,1,0,0,0,0,0,0,1
443,41,1,1,1,0,0,719,12,0,0,0,1,0,0,0,0
444,30,0,3,1,0,1,5096,48,0,0,0,0,1,0,0,0
445,41,0,1,2,0,0,1244,9,1,0,0,1,0,0,0,0
446,34,0,2,1,0,0,1842,36,0,1,0,0,0,0,0,0
447,35,1,2,1,0,1,2576,7,1,0,0,0,0,1,0,0
448,55,0,3,1,0,2,1424,12,1,0,0,0,1,0,0,0
449,61,1,2,1,3,1,1512,15,0,0,0,0,0,0,1,0
450,30,1,3,1,0,0,11054,36,1,1,0,0,0,0,0,0
451,29,0,2,1,0,0,518,6,1,0,0,0,0,1,0,0
452,34,1,2,1,0,0,2759,12,1,0,0,0,1,0,0,0
453,35,1,3,1,0,0,2670,24,1,1,0,0,0,0,0,0
454,31,1,2,1,0,0,4817,24,0,1,0,0,0,0,0,0
455,29,0,3,1,0,0,2679,24,1,1,0,0,0,0,0,0
456,36,1,2,2,0,0,3905,11,1,1,0,0,0,0,0,0
457,35,1,2,0,0,0,3386,12,0,1,0,0,0,0,0,0
458,27,0,2,1,0,0,343,6,1,0,1,0,0,0,0,0
459,32,1,2,1,0,0,4594,18,1,0,0,0,0,1,0,0
460,37,1,2,1,0,0,3620,36,1,0,0,0,1,0,0,0
461,36,1,2,1,0,0,1721,15,1,1,0,0,0,0,0,0
462,34,0,3,2,0,1,3017,12,1,0,0,0,1,0,0,0
463,38,1,2,1,0,1,754,12,1,0,0,1,0,0,0,0
464,34,1,2,1,0,0,1950,18,1,0,0,0,0,0,0,0
465,63,1,2,1,0,0,2924,24,1,1,0,0,0,0,0,0
466,29,0,1,2,0,0,1659,24,0,0,0,0,0,1,0,0
467,32,1,2,1,0,0,7238,48,1,0,0,0,0,1,0,0
468,26,0,2,1,0,0,2764,33,1,0,0,0,0,0,0,0
469,35,1,1,1,0,0,4679,24,1,1,0,0,0,0,0,0
470,22,1,2,2,1,1,3092,24,0,0,0,0,0,1,0,0
471,23,0,2,1,0,0,448,6,0,0,0,1,0,0,0,0
472,28,1,1,1,0,0,654,9,0,1,0,0,0,0,0,0
473,36,1,3,1,0,0,1238,6,1,0,0,1,0,0,0,0
474,33,1,2,1,0,1,1245,18,0,0,0,0,0,1,0,0
475,26,0,2,2,0,0,3114,18,0,0,0,0,1,0,0,0
476,24,1,2,1,2,0,2569,39,1,1,0,0,0,0,0,0
477,25,1,2,1,0,2,5152,24,1,0,0,0,0,1,0,0
478,39,1,1,1,1,1,1037,12,1,0,0,0,0,0,0,0
479,44,1,2,1,0,0,1478,15,1,0,0,0,1,0,0,0
480,23,0,1,1,0,1,3573,12,1,0,0,0,0,1,0,0
481,26,1,2,1,0,1,1201,24,1,1,0,0,0,0,0,0
482,57,0,2,2,3,0,3622,30,1,0,0,0,1,0,0,0
483,30,0,2,1,3,0,960,15,1,0,0,0,1,0,0,0
484,44,1,2,1,2,0,1163,12,1,1,0,0,0,0,0,0
485,47,1,3,1,0,1,1209,6,0,1,0,0,0,0,0,0
486,52,1,2,1,0,0,3077,12,1,0,0,0,0,1,0,0
487,62,0,2,0,0,0,3757,24,1,1,0,0,0,0,0,0
488,35,1,1,2,1,0,1418,10,1,1,0,0,0,0,0,0
489,26,1,2,2,0,0,3518,6,1,1,0,0,0,0,0,0
490,26,1,2,1,0,0,1934,12,1,0,0,0,0,1,0,0
491,42,0,3,0,0,1,8318,27,0,0,0,0,0,0,0,0
492,27,0,2,1,1,0,1237,6,1,0,0,0,0,1,0,0
493,38,1,2,1,0,1,368,6,1,0,0,0,0,1,0,0
494,39,1,1,2,0,0,2122,12,1,1,0,0,0,0,0,0
495,20,1,2,1,0,0,2996,24,0,0,0,0,1,0,0,0
496,29,1,3,2,1,1,9034,36,0,0,0,0,1,0,0,0
497,40,1,2,1,0,0,1585,24,1,0,0,0,1,0,0,0
498,32,1,1,1,0,1,1301,18,1,0,0,0,0,1,0,0
499,28,1,2,1,1,2,1323,6,1,1,0,0,0,0,0,0
500,27,0,2,1,0,0,3123,24,0,1,0,0,0,0,0,0
501,42,1,2,0,0,0,5493,36,1,1,0,0,0,0,0,0
502,49,1,2,1,1,2,1126,9,1,0,0,0,0,1,0,0
503,38,1,2,1,1,1,1216,24,0,0,0,0,0,1,0,0
504,24,0,2,2,0,0,1207,24,0,1,0,0,0,0,0,0
505,27,1,1,1,0,0,1309,10,0,1,0,0,0,0,0,0
506,36,1,2,1,2,2,2360,15,1,1,0,0,0,0,0,0
507,34,1,3,1,1,1,6850,15,0,1,0,0,0,0,0,0
508,28,1,2,1,0,0,1413,24,1,0,0,0,0,1,0,0
509,45,1,3,1,1,0,8588,39,1,1,0,0,0,0,0,0
510,26,1,2,1,0,0,759,12,0,1,0,0,0,0,0,0
511,32,1,3,0,0,0,4686,36,1,1,0,0,0,0,0,0
512,26,1,2,2,0,2,2687,15,1,0,0,0,0,0,0,0
513,20,1,2,2,0,1,585,12,1,0,0,0,0,1,0,0
514,54,1,2,1,0,0,2255,24,1,1,0,0,0,0,0,0
515,37,0,2,1,0,0,609,6,1,1,0,0,0,0,0,0
516,40,1,1,1,0,0,1361,6,1,1,0,0,0,0,0,0
517,23,0,2,2,0,0,7127,36,0,0,0,0,1,0,0,0
518,43,1,2,1,1,0,1203,6,1,1,0,0,0,0,0,0
519,36,1,2,0,0,0,700,6,1,0,0,0,0,1,0,0
520,44,1,2,0,0,0,5507,24,1,0,0,0,0,0,1,0
521,24,0,2,1,0,0,3190,18,0,0,0,0,0,1,0,0
522,53,1,2,0,0,0,7119,48,0,0,0,0,1,0,0,0
523,23,0,2,1,1,0,3488,24,1,1,0,0,0,0,0,0
524,26,0,1,1,0,1,1113,18,1,0,0,0,0,1,0,0
525,30,1,2,1,0,1,7966,26,1,1,0,0,0,0,0,0
526,31,0,2,1,1,0,1532,15,1,0,0,1,0,0,0,0
527,42,1,1,1,0,0,1503,4,1,0,0,0,0,1,0,0
528,31,1,2,2,0,0,2302,36,0,0,0,0,0,1,0,0
529,41,1,1,1,0,0,662,6,1,1,0,0,0,0,0,0
530,32,1,2,1,0,1,2273,36,1,0,0,1,0,0,0,0
531,28,0,2,2,1,1,2631,15,0,1,0,0,0,0,0,0
532,41,1,2,2,0,0,1503,12,1,1,0,0,0,0,0,0
533,26,1,2,1,1,0,1311,24,1,0,0,0,0,1,0,0
534,25,1,2,1,0,0,3105,24,1,0,0,0,0,1,0,0
535,33,1,2,2,0,2,2319,21,0,0,0,1,0,0,0,0
536,75,0,3,1,0,0,1374,6,1,1,0,0,0,0,0,0
537,37,0,2,1,0,1,3612,18,1,0,0,0,1,0,0,0
538,42,1,3,0,0,0,7763,48,0,1,0,0,0,0,0,0
539,45,0,1,1,0,2,3049,18,1,0,0,0,1,0,0,0
540,23,1,2,2,0,1,1534,12,0,0,0,0,0,1,0,0
541,60,1,2,0,0,0,2032,24,1,1,0,0,0,0,0,0
542,31,1,2,1,0,0,6350,30,0,0,0,0,1,0,0,0
543,34,1,1,1,0,2,2864,18,0,0,0,0,1,0,0,0
544,61,1,1,1,0,0,1255,12,1,1,0,0,0,0,0,0
545,43,1,2,0,0,0,1333,24,0,1,0,0,0,0,0,0
546,37,0,2,1,0,0,2022,24,1,1,0,0,0,0,0,0
547,32,1,2,1,0,0,1552,24,1,0,0,0,0,1,0,0
548,24,0,1,1,0,0,626,12,0,0,0,0,0,1,0,0
549,35,1,2,0,0,0,8858,48,1,1,0,0,0,0,0,0
550,23,0,2,1,0,0,996,12,1,0,0,0,0,0,1,0
551,45,1,1,1,2,0,1750,6,1,0,0,0,0,1,0,0
552,34,1,2,1,0,0,6999,48,0,0,0,0,0,1,0,0
553,27,1,2,1,1,1,1995,12,1,1,0,0,0,0,0,0
554,67,0,3,1,0,1,1199,9,1,0,0,1,0,0,0,0
555,22,1,2,1,0,1,1331,12,0,0,0,0,0,1,0,0
556,28,0,2,1,1,1,2278,18,0,1,0,0,0,0,0,0
557,29,0,2,1,0,0,5003,21,0,1,0,0,0,0,0,0
558,27,1,2,1,0,0,3552,24,0,0,0,0,1,0,0,0
559,31,1,1,1,0,1,1928,18,0,0,0,0,1,0,0,0
560,49,1,2,0,0,0,2964,24,1,1,0,0,0,0,0,0
561,24,1,1,2,0,0,1546,24,0,0,0,0,0,1,0,0
562,29,0,2,1,0,2,683,6,1,0,0,0,0,1,0,0
563,37,1,2,0,0,1,12389,36,0,1,0,0,0,0,0,0
564,37,1,3,1,0,1,4712,24,1,0,0,0,0,0,0,0
565,23,0,2,2,1,1,1553,24,1,0,0,0,0,1,0,0
566,36,1,2,1,0,0,1372,12,0,1,0,0,0,0,0,0
567,34,1,2,1,3,0,2578,24,1,0,0,0,0,1,0,0
568,41,1,2,1,0,1,3979,48,1,0,0,0,0,1,0,0
569,31,0,2,1,0,0,6758,48,0,0,0,0,0,1,0,0
570,23,0,1,2,0,0,3234,24,0,0,0,0,1,0,0,0
571,38,1,2,1,0,0,5954,30,1,0,0,0,0,1,0,0
572,26,0,3,2,0,0,5433,24,1,1,0,0,0,0,0,0
573,22,0,1,1,0,0,806,15,1,0,0,0,0,0,0,0
574,27,1,1,1,0,1,1082,9,1,0,0,0,0,1,0,0
575,24,0,2,1,0,0,2788,15,1,0,0,0,1,0,0,0
576,27,0,2,1,0,1,2930,12,1,0,0,0,0,1,0,0
577,33,0,2,1,0,0,1927,24,1,0,0,1,0,0,0,0
578,27,1,2,1,0,1,2820,36,0,1,0,0,0,0,0,0
579,27,1,1,1,0,0,937,24,1,0,0,1,0,0,0,0
580,30,1,2,1,0,1,1056,18,0,1,0,0,0,0,0,0
581,49,1,1,1,0,1,3124,12,1,1,0,0,0,0,0,0
582,26,0,2,2,0,0,1388,9,1,0,0,0,1,0,0,0
583,33,1,1,2,0,1,2384,36,0,0,0,0,0,0,1,0
584,52,0,3,0,0,0,2133,12,1,1,0,0,0,0,0,0
585,20,0,2,2,0,0,2039,18,0,0,0,0,1,0,0,0
586,36,1,2,2,0,0,2799,9,1,1,0,0,0,0,0,0
587,21,1,1,1,0,0,1289,12,1,0,0,0,1,0,0,0
588,47,1,1,1,0,0,1217,18,0,0,1,0,0,0,0,0
589,60,1,2,1,0,0,2246,12,0,0,0,0,1,0,0,0
590,58,0,1,1,0,0,385,12,1,0,0,0,0,1,0,0
591,42,0,2,2,0,1,1965,24,1,1,0,0,0,0,0,0
592,36,0,1,1,3,0,1572,21,1,0,0,0,0,0,0,0
593,20,0,1,2,0,1,2718,24,0,1,0,0,0,0,0,0
594,40,1,3,1,0,0,1358,24,0,0,0,0,0,0,0,1
595,32,0,1,1,1,1,931,6,0,1,0,0,0,0,0,0
596,23,0,2,2,0,0,1442,24,0,1,0,0,0,0,0,0
597,36,1,1,1,0,1,4241,24,0,0,0,0,0,0,0,0
598,31,1,2,1,0,0,2775,18,0,1,0,0,0,0,0,0
599,32,1,2,0,0,0,3863,24,1,0,0,0,0,0,0,0
600,45,0,2,1,0,1,2329,7,1,0,0,0,0,1,0,0
601,30,0,2,1,0,1,918,9,0,0,0,0,1,0,0,0
602,34,0,1,0,0,1,1837,24,0,0,0,1,0,0,0,0
603,28,0,3,1,0,0,3349,36,0,0,0,0,1,0,0,0
604,23,0,2,1,0,2,1275,10,1,0,0,0,1,0,0,0
605,22,1,2,1,2,0,2828,24,1,0,0,0,1,0,0,0
606,74,1,3,1,0,0,4526,24,1,0,0,0,0,0,0,0
607,50,0,2,0,1,1,2671,36,0,0,0,0,0,1,0,0
608,33,1,2,1,0,0,2051,18,1,0,0,0,0,1,0,0
609,45,1,2,0,0,0,1300,15,1,1,0,0,0,0,0,0
610,22,0,2,1,1,0,741,12,0,0,1,0,0,0,0,0
611,48,0,1,0,1,2,1240,10,0,1,0,0,0,0,0,0
612,29,0,2,1,3,0,3357,21,1,0,0,0,0,1,0,0
613,22,0,2,2,0,0,3632,24,1,1,0,0,0,0,0,0
614,22,0,2,1,0,0,1808,18,0,0,0,0,1,0,0,0
615,48,1,3,1,0,1,12204,48,1,0,0,0,0,0,0,0
616,27,1,3,0,0,1,9157,60,1,0,0,0,0,1,0,0
617,37,1,2,2,0,0,3676,6,1,1,0,0,0,0,0,0
618,21,0,2,2,1,1,3441,30,0,0,0,0,1,0,0,0
619,49,1,1,1,0,0,640,12,1,1,0,0,0,0,0,0
620,27,1,2,1,0,1,3652,21,1,0,0,0,0,0,0,0
621,32,1,2,1,0,0,1530,18,0,1,0,0,0,0,0,0
622,38,1,2,1,0,0,3914,48,0,0,0,0,0,0,0,0
623,22,0,2,2,0,0,1858,12,1,0,0,0,1,0,0,0
624,65,1,2,0,0,0,2600,18,0,0,0,0,0,1,0,0
625,35,1,2,1,0,0,1979,15,1,0,0,0,0,1,0,0
626,41,1,2,1,0,2,2116,6,1,0,0,0,1,0,0,0
627,29,1,2,1,1,1,1437,9,0,1,0,0,0,0,0,0
628,36,1,2,1,2,0,4042,42,1,0,0,0,1,0,0,0
629,64,1,1,1,0,0,3832,9,1,0,0,1,0,0,0,0
630,28,0,2,1,0,0,3660,24,1,0,0,0,0,1,0,0
631,44,1,2,1,0,0,1553,18,0,0,0,0,1,0,0,0
632,23,1,2,1,0,1,1444,15,1,0,0,0,0,1,0,0
633,19,0,2,2,0,0,1980,9,0,0,0,0,1,0,0,0
634,25,0,1,1,0,1,1355,24,0,1,0,0,0,0,0,0
635,47,1,2,1,0,0,1393,12,1,0,0,1,0,0,0,0
636,28,0,2,1,2,0,1376,24,1,0,0,0,0,1,0,0
637,21,1,2,1,0,0,15653,60,1,0,0,0,0,1,0,0
638,34,0,2,1,0,0,1493,12,1,0,0,0,0,1,0,0
639,26,1,2,1,0,0,4370,42,0,0,0,0,0,1,0,0
640,27,0,0,1,0,0,750,18,0,0,0,1,0,0,0,0
641,38,1,1,1,0,1,1308,15,1,0,0,0,0,0,1,0
642,40,1,3,1,1,0,4623,15,0,0,0,1,0,0,0,0
643,33,1,2,1,0,0,1851,24,1,0,0,0,0,1,0,0
644,32,1,3,1,0,0,1880,18,1,0,0,0,0,1,0,0
645,27,1,2,2,0,0,7980,36,0,0,0,0,0,0,0,0
646,32,1,2,1,0,0,4583,30,1,0,0,0,1,0,0,0
647,26,0,2,1,2,0,1386,12,0,1,0,0,0,0,0,0
648,38,1,2,0,0,2,947,24,0,1,0,0,0,0,0,0
649,40,1,1,2,0,0,684,12,0,0,0,1,0,0,0,0
650,50,1,3,0,0,0,7476,48,1,0,0,1,0,0,0,0
651,37,1,1,1,0,1,1922,12,0,0,0,0,1,0,0,0
652,45,1,2,1,0,0,2303,24,0,1,0,0,0,0,0,0
653,42,1,3,1,1,1,8086,36,0,1,0,0,0,0,0,0
654,35,1,2,1,0,0,2346,24,1,1,0,0,0,0,0,0
655,22,1,2,0,0,0,3973,14,1,1,0,0,0,0,0,0
656,41,1,1,1,0,1,888,12,0,1,0,0,0,0,0,0
657,37,1,2,1,0,0,10222,48,1,0,0,0,0,1,0,0
658,28,0,2,1,0,1,4221,30,1,0,0,0,0,0,0,0
659,41,1,2,1,0,1,6361,18,1,0,0,0,1,0,0,0
660,23,1,2,2,0,2,1297,12,1,0,0,0,0,1,0,0
661,23,1,2,1,0,0,900,12,0,1,0,0,0,0,0,0
662,50,1,2,1,0,0,2241,21,1,0,0,0,1,0,0,0
663,35,1,3,1,0,1,1050,6,1,0,0,0,1,0,0,0
664,50,0,1,1,0,2,1047,6,1,0,0,1,0,0,0,0
665,27,1,3,1,0,0,6314,24,1,0,0,0,0,0,0,1
666,34,1,2,1,3,1,3496,30,1,0,0,0,1,0,0,0
667,27,0,2,1,0,0,3609,48,1,0,0,0,0,0,0,0
668,43,1,2,2,0,0,4843,12,0,1,0,0,0,0,0,0
669,47,1,2,1,0,2,3017,30,1,0,0,0,0,1,0,0
670,27,1,1,1,1,0,4139,24,1,0,0,0,0,0,0,0
671,31,1,2,1,1,0,5742,36,1,0,0,0,0,0,0,0
672,42,1,3,1,0,0,10366,60,1,1,0,0,0,0,0,0
673,24,1,2,1,2,0,2080,6,1,1,0,0,0,0,0,0
674,41,1,1,1,2,0,2580,21,0,0,0,0,0,0,0,0
675,26,0,3,2,0,0,4530,30,1,0,0,0,0,1,0,0
676,33,1,2,1,0,0,5150,24,1,0,0,0,1,0,0,0
677,24,1,2,1,1,1,5595,72,0,0,0,0,0,1,0,0
678,64,1,1,2,0,0,2384,24,1,0,0,0,0,1,0,0
679,26,0,2,1,0,0,1453,18,1,0,0,0,0,1,0,0
680,56,0,2,1,0,0,1538,6,1,0,0,1,0,0,0,0
681,37,1,2,0,0,0,2279,12,1,0,0,0,0,1,0,0
682,33,1,2,1,0,0,1478,15,1,0,0,0,0,1,0,0
683,47,1,2,0,0,0,5103,24,1,0,0,0,0,1,0,0
684,31,1,1,1,1,1,9857,36,1,0,0,0,0,0,0,0
685,34,1,2,0,0,0,6527,60,1,1,0,0,0,0,0,0
686,27,1,2,1,0,2,1347,10,1,0,0,0,0,1,0,0
687,30,1,2,0,1,1,2862,36,1,1,0,0,0,0,0,0
688,35,1,2,1,1,0,2753,9,1,0,0,0,0,1,0,0
689,31,1,2,1,3,0,3651,12,1,1,0,0,0,0,0,0
690,25,1,2,1,0,0,975,15,1,0,0,0,1,0,0,0
691,25,0,1,1,1,1,2631,15,1,0,0,0,0,0,1,0
692,29,1,2,1,1,1,2896,24,1,0,0,0,0,1,0,0
693,44,1,1,1,0,0,4716,6,1,1,0,0,0,0,0,0
694,28,1,2,1,0,0,2284,24,1,0,0,0,0,1,0,0
695,50,1,2,2,2,0,1236,6,1,1,0,0,0,0,0,0
696,29,1,2,1,0,1,1103,12,1,0,0,0,0,1,0,0
697,38,0,0,1,0,0,926,12,1,1,0,0,0,0,0,0
698,24,1,2,1,0,0,1800,18,1,0,0,0,0,1,0,0
699,40,1,3,2,0,2,1905,15,1,0,0,1,0,0,0,0
700,29,0,1,2,2,0,1123,12,0,0,0,0,1,0,0,0
701,46,1,2,0,0,0,6331,48,0,1,0,0,0,0,0,0
702,47,0,2,0,1,2,1377,24,1,0,0,0,0,1,0,0
703,41,1,2,1,1,1,2503,30,1,0,0,0,0,0,0,0
704,32,0,2,1,0,1,2528,27,1,0,0,0,0,0,0,0
705,35,0,2,0,2,0,5324,15,1,1,0,0,0,0,0,0
706,24,1,2,1,1,1,6560,48,0,1,0,0,0,0,0,0
707,25,0,2,2,0,1,2969,12,0,0,0,0,1,0,0,0
708,25,0,2,1,0,1,1206,9,1,0,0,0,0,1,0,0
709,37,1,1,1,0,1,2118,9,1,0,0,0,0,1,0,0
710,32,1,3,1,2,0,629,18,1,0,0,0,0,1,0,0
711,35,0,2,0,0,0,1198,6,0,0,0,1,0,0,0,0
712,46,1,3,1,0,0,2476,21,1,1,0,0,0,0,0,0
713,25,1,1,1,0,0,1138,9,1,0,0,0,0,1,0,0
714,27,1,3,1,0,1,14027,60,0,1,0,0,0,0,0,0
715,63,1,2,1,0,0,7596,30,1,1,0,0,0,0,0,0
716,40,1,2,1,0,0,3077,30,1,0,0,0,0,1,0,0
717,32,1,3,0,0,0,1505,18,1,0,0,0,0,1,0,0
718,31,1,2,1,0,2,3148,24,1,0,0,0,0,1,0,0
719,31,1,2,1,1,1,6148,20,1,1,0,0,0,0,0,0
720,34,1,3,1,0,2,1337,9,0,0,0,0,0,1,0,0
721,24,0,2,2,3,1,433,6,0,0,0,1,0,0,0,0
722,24,0,1,1,0,0,1228,12,0,1,0,0,0,0,0,0
723,66,0,1,1,2,1,790,9,1,0,0,0,0,1,0,0
724,21,0,2,2,0,0,2570,27,0,1,0,0,0,0,0,0
725,41,0,1,1,3,0,250,6,1,1,0,0,0,0,0,0
726,47,1,1,1,2,0,1316,15,1,0,0,0,0,1,0,0
727,25,0,2,2,0,0,1882,18,0,0,0,0,0,1,0,0
728,59,0,2,2,0,1,6416,48,0,0,0,0,0,0,0,0
729,36,1,2,1,3,2,1275,24,1,0,0,0,0,0,0,0
730,33,1,2,1,0,1,6403,24,1,0,0,0,0,1,0,0
731,21,1,1,2,0,0,1987,24,0,0,0,0,0,1,0,0
732,44,0,1,1,0,1,760,8,1,0,0,0,0,1,0,0
733,28,0,2,2,3,0,2603,24,1,1,0,0,0,0,0,0
734,37,0,2,1,0,0,3380,4,1,1,0,0,0,0,0,0
735,29,0,0,1,0,1,3990,36,1,0,1,0,0,0,0,0
736,23,0,3,2,0,1,11560,24,0,1,0,0,0,0,0,0
737,35,1,1,1,1,0,4380,18,1,1,0,0,0,0,0,0
738,45,1,3,1,0,0,6761,6,1,1,0,0,0,0,0,0
739,26,0,1,2,1,1,4280,30,0,0,0,0,0,0,0,0
740,32,1,2,1,1,0,2325,24,1,1,0,0,0,0,0,0
741,23,1,1,1,0,1,1048,10,1,0,0,0,0,1,0,0
742,41,1,2,1,0,0,3160,21,1,0,0,0,0,1,0,0
743,22,1,2,1,2,0,2483,24,1,0,0,0,1,0,0,0
744,30,1,3,1,0,0,14179,39,1,0,0,0,1,0,0,0
745,28,1,1,1,0,0,1797,13,1,0,0,0,0,0,0,0
746,23,0,2,2,0,0,2511,15,1,1,0,0,0,0,0,0
747,37,0,1,1,0,0,1274,12,0,1,0,0,0,0,0,0
748,26,1,2,1,0,0,5248,21,1,1,0,0,0,0,0,0
749,33,1,2,1,0,0,3029,15,1,1,0,0,0,0,0,0
750,49,0,2,1,0,0,428,6,1,0,0,0,1,0,0,0
751,23,0,1,1,0,0,976,18,0,1,0,0,0,0,0,0
752,23,0,1,2,1,1,841,12,1,0,0,0,0,0,0,0
753,25,0,2,1,0,0,5771,30,1,0,0,0,0,1,0,0
754,55,1,2,0,3,0,1555,12,0,0,0,0,0,0,1,0
755,32,0,2,2,0,0,1285,24,0,1,0,0,0,0,0,0
756,74,1,0,1,0,2,1299,6,1,1,0,0,0,0,0,0
757,39,1,2,0,0,2,1271,15,0,0,0,0,0,1,0,0
758,31,1,2,1,0,0,1393,24,1,1,0,0,0,0,0,0
759,35,1,2,1,0,0,691,12,0,1,0,0,0,0,0,0
760,59,0,2,1,0,0,5045,15,1,1,0,0,0,0,0,0
761,24,0,2,2,0,0,2124,18,0,0,0,0,1,0,0,0
762,24,1,1,1,0,0,2214,12,1,0,0,0,0,1,0,0
763,30,1,3,0,0,0,12680,21,0,1,0,0,0,0,0,0
764,27,1,2,1,1,0,2463,24,1,1,0,0,0,0,0,0
765,40,1,1,1,0,1,1155,12,1,0,0,0,0,1,0,0
766,31,1,1,1,0,0,3108,30,0,0,0,0,1,0,0,0
767,31,0,2,2,0,0,2901,10,1,1,0,0,0,0,0,0
768,28,1,2,2,0,1,3617,12,1,0,0,0,1,0,0,0
769,63,1,1,1,0,0,1655,12,1,0,0,0,0,1,0,0
770,26,0,2,2,0,0,2812,24,1,1,0,0,0,0,0,0
771,25,0,3,1,0,0,8065,36,0,0,0,1,0,0,0,0
772,36,1,3,1,0,0,3275,21,1,1,0,0,0,0,0,0
773,52,1,2,1,1,0,2223,24,1,0,0,0,0,1,0,0
774,66,1,0,0,2,2,1480,12,1,1,0,0,0,0,0,0
775,25,0,2,2,0,0,1371,24,0,1,0,0,0,0,0,0
776,37,1,2,1,0,0,3535,36,1,1,0,0,0,0,0,0
777,25,0,2,1,0,0,3509,18,1,0,0,0,0,1,0,0
778,38,1,3,1,3,0,5711,36,1,1,0,0,0,0,0,0
779,67,0,2,1,0,1,3872,18,1,0,0,0,0,0,1,0
780,25,1,2,1,0,1,4933,39,0,0,0,0,0,1,0,0
781,60,1,2,1,3,0,1940,24,1,1,0,0,0,0,0,0
782,31,1,1,1,0,1,1410,12,1,0,0,1,0,0,0,0
783,23,0,1,1,1,1,836,12,0,1,0,0,0,0,0,0
784,60,1,3,1,0,1,6468,20,1,1,0,0,0,0,0,0
785,35,1,1,1,3,1,1941,18,1,0,0,0,0,0,0,0
786,40,1,2,1,2,0,2675,22,1,0,0,0,0,1,0,0
787,38,1,2,1,0,0,2751,48,1,1,0,0,0,0,0,0
788,50,1,2,0,0,1,6224,48,0,0,0,1,0,0,0,0
789,27,1,2,1,0,0,5998,40,0,0,0,1,0,0,0,0
790,39,0,2,1,0,1,1188,21,0,0,0,0,0,0,0,0
791,41,1,3,1,0,0,6313,24,1,1,0,0,0,0,0,0
792,27,1,2,1,0,0,1221,6,1,0,0,0,1,0,0,0
793,51,1,2,0,0,2,2892,24,1,0,0,0,1,0,0,0
794,32,1,2,2,2,0,3062,24,1,0,0,0,1,0,0,0
795,22,0,2,2,1,0,2301,9,1,0,0,0,1,0,0,0
796,51,1,2,0,0,0,7511,18,0,1,0,0,0,0,0,0
797,22,0,1,2,0,0,1258,12,1,0,0,0,1,0,0,0
798,54,1,2,1,0,0,717,24,1,1,0,0,0,0,0,0
799,35,1,0,1,0,1,1549,9,1,1,0,0,0,0,0,0
800,54,1,2,0,0,0,1597,24,1,0,0,1,0,0,0,0
801,48,0,1,2,0,1,1795,18,1,0,0,0,0,1,0,0
802,24,0,2,1,0,0,4272,20,1,0,0,0,1,0,0,0
803,35,1,2,1,0,0,976,12,1,0,0,0,0,1,0,0
804,24,0,0,2,0,1,7472,12,1,1,0,0,0,0,0,0
805,24,1,2,1,0,0,9271,36,0,1,0,0,0,0,0,0
806,26,1,1,1,0,1,590,6,1,0,0,0,0,1,0,0
807,65,1,2,1,0,0,930,12,1,0,0,0,0,1,0,0
808,55,1,3,0,0,1,9283,42,1,1,0,0,0,0,0,0
809,26,0,0,2,0,1,1778,15,0,1,0,0,0,0,0,0
810,26,1,2,1,0,1,907,8,1,0,0,0,0,0,0,0
811,28,1,1,1,0,1,484,6,1,0,0,0,0,1,0,0
812,24,1,2,1,0,0,9629,36,0,1,0,0,0,0,0,0
813,54,1,2,1,0,0,3051,48,0,0,1,0,0,0,0,0
814,46,1,2,0,0,0,3931,48,0,1,0,0,0,0,0,0
815,54,0,2,2,0,1,7432,36,1,1,0,0,0,0,0,0
816,62,1,2,1,2,0,1338,6,1,0,1,0,0,0,0,0
817,24,0,2,2,0,0,1554,6,1,0,0,0,0,1,0,0
818,43,1,3,1,0,0,15857,36,1,0,0,0,0,0,0,1
819,26,1,2,1,0,0,1345,18,0,0,0,0,0,1,0,0
820,27,1,2,1,0,0,1101,12,1,1,0,0,0,0,0,0
821,24,1,2,1,0,2,3016,12,1,0,0,0,0,1,0,0
822,41,1,2,1,0,0,2712,36,0,0,0,0,1,0,0,0
823,47,1,1,1,0,0,731,8,1,1,0,0,0,0,0,0
824,35,1,3,1,0,0,3780,18,1,0,0,0,1,0,0,0
825,30,1,2,1,0,0,1602,21,1,1,0,0,0,0,0,0
826,33,0,2,2,0,0,3966,18,0,1,0,0,0,0,0,0
827,36,1,2,1,0,0,4165,18,0,0,0,0,0,0,0,0
828,47,1,2,0,0,0,8335,36,0,1,0,0,0,0,0,0
829,38,1,2,0,0,1,6681,48,1,0,0,0,0,0,0,0
830,44,1,2,1,2,0,2375,24,1,0,0,0,0,0,0,0
831,23,0,2,2,0,0,1216,18,0,1,0,0,0,0,0,0
832,29,1,2,2,0,0,11816,45,0,0,0,0,0,0,0,0
833,42,0,2,1,0,1,5084,24,1,0,0,0,0,1,0,0
834,25,0,1,1,0,2,2327,15,0,0,0,0,0,1,0,0
835,48,1,2,1,0,0,1082,12,0,1,0,0,0,0,0,0
836,21,0,2,1,0,0,886,12,1,0,0,0,0,1,0,0
837,23,0,1,2,0,0,601,4,1,0,0,0,1,0,0,0
838,63,1,2,1,0,0,2957,24,1,1,0,0,0,0,0,0
839,46,1,2,1,0,0,2611,24,1,0,0,0,0,1,0,0
840,29,1,2,1,0,0,5179,36,0,0,0,0,1,0,0,0
841,28,1,1,1,0,0,2993,21,1,1,0,0,0,0,0,0
842,23,0,2,1,0,0,1943,18,0,0,0,0,0,0,1,0
843,50,1,2,1,0,0,1559,24,1,0,0,0,0,0,0,0
844,47,1,2,1,0,0,3422,18,1,0,0,0,1,0,0,0
845,35,1,2,1,0,1,3976,21,1,0,0,0,1,0,0,0
846,68,1,2,2,0,0,6761,18,0,1,0,0,0,0,0,0
847,28,1,2,1,0,0,1249,24,1,1,0,0,0,0,0,0
848,59,1,2,1,0,0,1364,9,1,0,0,0,0,1,0,0
849,57,1,1,1,0,0,709,12,0,0,0,0,0,1,0,0
850,33,1,2,2,0,0,2235,20,0,1,0,0,0,0,0,0
851,43,1,2,1,0,0,4042,24,1,1,0,0,0,0,0,0
852,35,1,2,0,0,0,1471,15,1,0,0,0,0,1,0,0
853,32,1,1,0,0,0,1442,18,0,1,0,0,0,0,0,0
854,45,1,2,1,0,0,10875,36,1,1,0,0,0,0,0,0
855,33,1,2,1,1,0,1474,24,1,1,0,0,0,0,0,0
856,40,0,2,1,0,0,894,10,1,0,0,1,0,0,0,0
857,28,1,2,0,0,0,3343,15,1,0,0,0,1,0,0,0
858,29,0,2,1,0,0,3959,15,0,1,0,0,0,0,0,0
859,26,1,2,2,1,0,3577,9,1,1,0,0,0,0,0,0
860,27,1,2,1,3,0,5804,24,1,1,0,0,0,0,0,0
861,28,1,2,1,0,0,2169,18,0,0,0,0,0,0,0,0
862,35,0,2,1,0,0,2439,24,0,0,0,0,0,1,0,0
863,32,1,1,1,3,0,4526,27,1,0,0,0,1,0,0,0
864,25,1,1,2,0,0,2210,10,0,0,0,0,1,0,0,0
865,20,0,2,2,2,0,2221,15,1,0,0,0,1,0,0,0
866,27,0,2,1,0,0,2389,18,1,0,0,0,0,1,0,0
867,42,1,2,1,0,0,3331,12,1,0,0,0,1,0,0,0
868,37,1,2,1,0,0,7409,36,1,0,0,0,0,0,0,0
869,24,0,2,2,0,0,652,12,1,0,0,0,1,0,0,0
870,40,0,2,1,2,0,7678,36,1,0,0,0,1,0,0,0
871,46,1,2,1,0,2,1343,6,1,1,0,0,0,0,0,0
872,26,1,2,1,1,0,1382,24,1,0,0,0,0,0,0,0
873,24,0,2,1,0,0,874,15,1,0,1,0,0,0,0,0
874,29,1,1,1,0,0,3590,12,1,0,0,0,1,0,0,0
875,40,0,2,1,3,1,1322,11,1,1,0,0,0,0,0,0
876,36,1,3,0,0,0,1940,18,1,0,0,0,0,1,0,0
877,28,1,2,1,0,0,3595,36,1,0,0,0,0,1,0,0
878,27,1,3,0,0,0,1422,9,0,1,0,0,0,0,0,0
879,36,1,2,1,0,0,6742,30,1,0,0,0,0,1,0,0
880,38,1,3,1,0,0,7814,24,1,1,0,0,0,0,0,0
881,48,1,2,0,0,0,9277,24,1,1,0,0,0,0,0,0
882,36,1,2,1,0,1,2181,30,1,1,0,0,0,0,0,0
883,65,0,0,1,0,0,1098,18,1,0,0,0,0,1,0,0
884,43,1,2,1,0,1,4057,24,0,0,0,0,1,0,0,0
885,53,0,2,1,0,0,795,12,0,0,0,1,0,0,0,0
886,34,1,2,1,0,1,2825,24,1,0,0,0,0,0,0,0
887,23,1,2,1,0,1,15672,48,0,0,0,0,0,0,0,0
888,34,1,3,1,0,0,6614,36,1,1,0,0,0,0,0,0
889,40,1,2,2,0,0,7824,28,1,1,0,0,0,0,0,0
890,43,1,3,1,0,0,2442,27,1,0,0,0,0,0,0,0
891,46,1,2,1,0,0,1829,15,1,0,0,0,0,1,0,0
892,38,1,1,1,0,0,2171,12,1,1,0,0,0,0,0,0
893,34,1,2,1,0,1,5800,36,1,1,0,0,0,0,0,0
894,29,1,2,1,0,0,1169,18,1,0,0,0,0,1,0,0
895,31,1,3,1,0,0,8947,36,1,1,0,0,0,0,0,0
896,28,0,3,2,0,0,2606,21,1,0,0,0,0,1,0,0
897,35,0,2,1,3,0,1592,12,1,0,0,0,1,0,0,0
898,33,0,1,2,0,0,2186,15,1,0,0,0,1,0,0,0
899,42,1,2,1,0,0,4153,18,0,0,0,0,1,0,0,0
900,43,1,2,2,0,0,2625,16,0,1,0,0,0,0,0,0
901,44,1,2,1,0,0,3485,20,1,1,0,0,0,0,0,0
902,42,1,2,0,0,0,10477,36,1,1,0,0,0,0,0,0
903,40,1,2,2,0,0,1386,15,1,0,0,0,0,1,0,0
904,36,1,3,1,0,0,1278,24,1,0,0,0,0,1,0,0
905,20,1,3,2,0,0,1107,12,1,0,0,0,0,1,0,0
906,24,1,1,1,0,0,3763,21,1,1,0,0,0,0,0,0
907,27,1,2,1,0,1,3711,36,1,0,0,1,0,0,0,0
908,46,0,1,1,0,0,3594,15,1,1,0,0,0,0,0,0
909,33,0,1,1,0,1,3195,9,1,1,0,0,0,0,0,0
910,34,0,2,1,0,0,4454,36,1,0,0,0,0,1,0,0
911,25,0,1,1,0,1,4736,24,0,0,0,0,1,0,0,0
912,25,0,2,1,0,1,2991,30,1,0,0,0,0,1,0,0
913,28,1,2,1,3,0,2142,11,1,0,0,0,0,0,0,0
914,31,1,2,2,0,0,3161,24,0,0,0,0,0,0,0,0
915,32,0,3,1,0,1,18424,48,0,0,0,0,0,0,0,1
916,32,1,2,1,1,0,2848,10,1,1,0,0,0,0,0,0
917,68,1,3,1,0,0,14896,6,0,1,0,0,0,0,0,0
918,33,1,2,1,1,0,2359,24,0,0,0,0,1,0,0,0
919,39,1,3,2,0,0,3345,24,0,0,0,0,1,0,0,0
920,28,0,2,1,0,0,1817,18,1,0,0,0,1,0,0,0
921,37,1,3,1,2,0,12749,48,1,0,0,0,0,1,0,0
922,22,0,2,2,0,0,1366,9,0,0,0,0,0,1,0,0
923,30,1,2,2,0,1,2002,12,1,1,0,0,0,0,0,0
924,55,1,2,1,0,0,6872,24,0,0,0,0,1,0,0,0
925,46,1,2,1,0,0,697,12,0,1,0,0,0,0,0,0
926,21,0,2,2,0,0,1049,18,1,0,0,0,1,0,0,0
927,39,1,2,0,0,0,10297,48,0,1,0,0,0,0,0,0
928,58,1,2,1,0,0,1867,30,1,0,0,0,0,1,0,0
929,43,1,1,1,0,0,1344,12,1,1,0,0,0,0,0,0
930,24,1,1,1,0,0,1747,24,1,0,0,0,1,0,0,0
931,22,0,2,1,0,1,1670,9,0,0,0,0,0,1,0,0
932,30,1,2,1,0,0,1224,9,1,1,0,0,0,0,0,0
933,42,1,2,1,2,0,522,12,1,0,0,0,0,1,0,0
934,23,0,2,1,0,0,1498,12,1,0,0,0,0,1,0,0
935,30,1,3,1,1,1,1919,30,0,0,0,0,0,1,0,0
936,28,0,1,1,0,2,745,9,0,0,0,0,0,1,0,0
937,30,1,3,2,0,1,2063,6,1,0,0,0,0,1,0,0
938,42,1,2,0,0,1,6288,60,0,0,0,1,0,0,0,0
939,46,1,3,1,0,0,6842,24,1,1,0,0,0,0,0,0
940,45,1,3,1,0,0,3527,12,1,1,0,0,0,0,0,0
941,31,1,1,1,0,0,1546,10,1,1,0,0,0,0,0,0
942,31,1,2,1,0,0,929,24,1,0,0,0,1,0,0,0
943,42,1,1,1,0,0,1455,4,1,1,0,0,0,0,0,0
944,46,0,2,2,0,0,1845,15,1,0,0,0,1,0,0,0
945,30,0,2,1,2,1,8358,48,1,1,0,0,0,0,0,0
946,30,1,2,0,2,0,3349,24,0,0,0,0,1,0,0,0
947,38,1,3,1,0,0,2859,12,1,1,0,0,0,0,0,0
948,43,1,1,1,0,0,1533,18,0,0,0,0,1,0,0,0
949,31,1,2,1,1,0,3621,24,0,0,0,0,0,1,0,0
950,40,1,0,1,0,1,3590,18,1,0,0,0,0,0,0,0
951,24,1,2,1,0,0,2145,36,0,0,0,0,0,0,0,0
952,28,0,2,2,2,1,4113,24,0,1,0,0,0,0,0,0
953,26,0,3,1,0,0,10974,36,0,0,0,0,1,0,0,0
954,29,0,2,1,0,0,1893,12,1,1,0,0,0,0,0,0
955,57,0,3,2,3,0,1231,24,1,0,0,0,0,1,0,0
956,49,1,1,1,0,2,3656,30,1,0,0,0,0,1,0,0
957,37,1,1,1,0,1,1154,9,1,0,0,0,0,1,0,0
958,45,1,1,1,0,0,4006,28,0,1,0,0,0,0,0,0
959,30,1,2,0,1,1,3069,24,1,0,0,0,1,0,0,0
960,30,1,2,2,0,0,1740,6,1,0,0,0,0,1,0,0
961,47,1,2,1,0,1,2353,21,1,1,0,0,0,0,0,0
962,29,1,2,1,0,0,3556,15,1,1,0,0,0,0,0,0
963,35,1,2,1,2,0,2397,24,0,0,0,0,0,1,0,0
964,22,1,1,1,0,1,454,6,1,0,0,0,0,0,1,0
965,26,0,2,1,0,1,1715,30,1,0,0,0,0,1,0,0
966,23,1,1,1,2,1,2520,27,0,0,0,0,0,1,0,0
967,54,0,3,2,0,0,3568,15,1,0,0,0,0,1,0,0
968,29,1,2,2,0,0,7166,42,1,0,0,0,0,1,0,0
969,40,1,1,1,0,0,3939,11,1,1,0,0,0,0,0,0
970,22,1,2,1,1,1,1514,15,1,0,0,0,0,0,1,0
971,43,1,1,1,0,0,7393,24,1,1,0,0,0,0,0,0
972,29,0,0,2,0,0,1193,24,0,1,0,0,0,0,0,0
973,36,1,2,2,0,0,7297,60,0,0,0,0,0,0,0,0
974,33,0,2,1,0,0,2831,30,1,0,0,0,0,1,0,0
975,57,0,1,1,2,2,1258,24,1,0,0,0,0,1,0,0
976,64,0,2,1,0,1,753,6,1,0,0,0,0,1,0,0
977,42,1,2,1,0,1,2427,18,1,0,0,0,0,0,0,0
978,47,1,1,1,0,0,2538,24,0,1,0,0,0,0,0,0
979,25,1,2,2,1,1,1264,15,0,1,0,0,0,0,0,0
980,49,1,2,1,0,1,8386,30,0,0,0,0,1,0,0,0
981,33,1,3,2,0,0,4844,48,0,0,0,0,0,0,0,0
982,28,0,3,1,1,2,2923,21,1,1,0,0,0,0,0,0
983,26,1,2,1,0,0,8229,36,0,1,0,0,0,0,0,0
984,30,1,1,1,0,0,2028,24,1,0,0,0,1,0,0,0
985,25,0,2,2,0,0,1433,15,1,0,0,0,1,0,0,0
986,33,1,2,1,0,2,6289,42,1,0,0,0,0,0,0,0
987,64,0,2,1,1,0,1409,13,1,0,0,0,0,1,0,0
988,29,1,3,0,0,0,6579,24,1,1,0,0,0,0,0,0
989,48,1,1,1,0,1,1743,24,1,0,0,0,0,1,0,0
990,37,1,1,1,0,0,3565,12,1,0,0,1,0,0,0,0
991,34,1,1,1,1,0,1569,15,1,0,0,0,0,1,0,0
992,23,1,1,2,0,0,1936,18,1,0,0,0,0,1,0,0
993,30,1,3,1,0,0,3959,36,1,0,0,0,1,0,0,0
994,50,1,2,1,0,0,2390,12,1,1,0,0,0,0,0,0
995,31,0,1,1,0,0,1736,12,1,0,0,0,1,0,0,0
996,40,1,3,1,0,0,3857,30,1,1,0,0,0,0,0,0
997,38,1,2,1,0,0,804,12,1,0,0,0,0,1,0,0
998,23,1,2,0,0,0,1845,45,0,0,0,0,0,1,0,0
999,27,1,2,1,1,1,4576,45,1,1,0,0,0,0,0,0
